{
  "Director": {
    "top": 0,
    "left": 178.00936102867126
  },
  "Title": {
    "top": 663.3779518604279,
    "left": 603.4500985443592
  },
  "Genre": {
    "top": 767,
    "left": 1073
  },
  "Studio": {
    "top": 497,
    "left": -42
  },
  "Nominated": {
    "top": 127,
    "left": 1054
  }
}